gov_delivery_id,content_id
UKGOVUK_392,5a292f20-a9b6-46ea-b35f-584f8b3d7392
UKGOVUK_393,2a3938e1-d588-45fc-8c8f-0f51814d5409
UKGOVUK_394,b5c8e64b-3461-4447-9144-1588e4a84fe6
UKGOVUK_395,3b54054f-c22a-4e3a-8c10-19d0667b5718
UKGOVUK_396,196a0c49-e844-4246-ab7c-a5c4197dfdad
UKGOVUK_397,9738a4db-236d-4116-8d19-1373987b7889
UKGOVUK_398,fb061c13-3130-4338-b4c3-df3a2ab4c112
UKGOVUK_399,269db8e5-9fef-4840-aca4-4896c66b8329
UKGOVUK_400,5393a385-63f9-466f-a851-422f249d06f8
UKGOVUK_401,a306037b-bed2-4607-aab6-eb5a8fa51882
UKGOVUK_402,56bae85b-a57c-4ca2-9dbd-68361a086bb3
UKGOVUK_403,48baf826-7d71-4fea-a9c4-9730fd30eb9e
UKGOVUK_404,b662d0a3-c20d-4167-8056-b9c7d058d860
UKGOVUK_405,f68b6778-cb3b-4c0b-82a0-b90613fdda26
UKGOVUK_406,ac5f0376-62ef-4f8f-8fbe-6dc6c2e4a671
UKGOVUK_407,66c3e499-0a63-42e0-833d-8b847e70e229
UKGOVUK_408,266ca3b6-752f-400b-91c0-8b9c3c433d2d
UKGOVUK_409,d37300da-5fca-4247-b9fc-7ae770ee992b
UKGOVUK_410,a73a1811-a1a0-474c-ad2c-30dc0ab74495
UKGOVUK_411,7631e836-3295-403d-b031-09d563322511
UKGOVUK_412,7e521913-0947-4c45-afc0-9ee91efd9434
UKGOVUK_413,9ce921df-748d-4efe-99b0-fc5bcd2ec045
UKGOVUK_414,186abab7-2e5c-40cd-a4f2-e3f5cfcdbde9
UKGOVUK_415,f53a97fb-4bc3-46d2-898b-d2a1e460cd0e
UKGOVUK_416,2f6708c2-9a26-4949-8eb7-824e601ee377
UKGOVUK_417,a33df5a7-34ec-4ff1-ad23-656f3d7d0331
UKGOVUK_418,49bcb1b3-69b8-4351-84af-adb907ce3d2b
UKGOVUK_419,72181a48-c553-45e4-aa5a-ebe232acea00
UKGOVUK_420,eaec959e-d3e2-4e69-9caa-a5fbf117c790
UKGOVUK_421,7a2554bd-9dc5-4a2e-953c-263c65ced66b
UKGOVUK_422,081268be-3cc3-4ced-9488-066532b7dea1
UKGOVUK_423,59bfd21e-90ee-414f-acc8-696b641d4363
UKGOVUK_424,65a38090-2d1c-4e45-9ebd-8638085933f1
UKGOVUK_425,94aa06ba-2d58-4299-88ba-8861acc18729
UKGOVUK_426,9ac225d7-ea48-401b-b255-7f281d2c4168
UKGOVUK_427,ed343e59-83ca-496b-84b1-8f85c71a747d
UKGOVUK_428,d13008f0-a794-47e2-a9fe-773ffe6bc0b5
UKGOVUK_429,8f98f704-65d6-44bc-8047-915066809df5
UKGOVUK_430,677b18e8-cec2-4d2b-b978-708d14565c94
UKGOVUK_431,f402b8de-2e99-4ff3-949f-31fe65796cae
UKGOVUK_432,a9296394-be3d-4bf2-a443-20d09a628bce
UKGOVUK_433,317ef779-a84c-422f-9497-ccd0bf3174ef
UKGOVUK_434,f52ed25a-1c8f-497b-938e-066d008d5d73
UKGOVUK_435,5b3924c1-2907-4549-9fea-499ca43e66b4
UKGOVUK_436,09921127-6706-4893-874f-5c943b3f1c38
UKGOVUK_437,cb91b5b1-d4af-43d6-a9ea-48d56fe03300
UKGOVUK_438,8c40f35a-ff29-4d28-93cf-90e4432de4e5
UKGOVUK_439,8236701c-0e96-4cfe-b315-2bd6b3e3b028
UKGOVUK_440,438a3cd3-5936-462d-b7ed-fff0ea485af1
UKGOVUK_442,f47beb28-e218-4b1a-bd4b-3c4165d056b5
UKGOVUK_444,f531e87f-78f5-4d67-9515-79c7cedbd5c4
UKGOVUK_445,d1055857-ece4-4862-9fe1-493545e9fede
UKGOVUK_446,60f02e47-4f6b-4873-8819-1dd913cd5df2
UKGOVUK_447,d35026df-3ea6-452e-870b-71bdfb7cf73e
UKGOVUK_448,b5e5c48e-dac9-4443-a7cc-8042ccdf8404
UKGOVUK_441,88122213-1a2f-420f-94f9-c622147d4300
UKGOVUK_449,8d0d439c-dcf3-4239-8049-4a7c465baad6
UKGOVUK_450,0b95dd6d-7234-4d04-a7a6-b412447cc2d5
UKGOVUK_451,f0615634-9fbf-46f5-8435-5ae2d23698b6
UKGOVUK_452,38051402-bf94-47ab-9ad7-a468280f3d9e
UKGOVUK_453,aa3bb093-06ac-4423-b242-e62ba4a4cf7d
UKGOVUK_454,52e41c89-6f2c-4db6-9370-6d41fb44fd0f
UKGOVUK_455,68964c7a-351f-41ae-a7f1-ecfa94263c56
UKGOVUK_456,1907e0cd-778e-49d6-95f1-1d9b3e790c2e
UKGOVUK_457,6b47e9b9-0942-48b5-8ee1-778699ac95f0
UKGOVUK_458,16ae2d80-d6e0-4380-a358-ccd03c2bd7f7
UKGOVUK_459,d36e7377-4160-4e4d-a103-83980eaf9dc9
UKGOVUK_460,61a1542f-d196-42a0-9605-ad667b60504e
UKGOVUK_461,4b79ee8f-0217-486b-bcc9-5f0ef9c16b54
UKGOVUK_462,f14f4107-1731-4dd8-a890-8defe459e15a
UKGOVUK_463,05a8e85c-5a65-406e-923d-79c04a4433f6
UKGOVUK_464,020d58a7-f069-4eb8-bdf2-9979e7196ba4
UKGOVUK_465,8dae3061-8bc3-4deb-8ac5-723957597716
UKGOVUK_466,fe2044fc-4201-4116-89fd-126aaff9a987
UKGOVUK_467,35007dbc-65c9-418b-9ce8-3d28832eb8ee
UKGOVUK_468,05b21330-97be-45f0-9ddf-778c722bd116
UKGOVUK_469,c3d72e08-e00f-4b62-98d5-010ea1520e50
UKGOVUK_470,eca820fa-0cb2-4d26-a642-be0c041da22d
UKGOVUK_471,726afbd8-e8d1-4ef8-a3a8-9d0a4c467014
UKGOVUK_472,c5018a34-3aaa-40e4-b90f-cf73539a0978
UKGOVUK_473,674324d7-8cb1-4a4d-8480-112b0ab776c9
UKGOVUK_474,faad8241-f19d-4762-ba38-3b8871b5b10b
UKGOVUK_475,4c5a2c31-5e39-413b-ba7c-b87e86f8b2b4
UKGOVUK_476,1986f9ec-a8dc-4e07-8f93-cd10d65a3e10
UKGOVUK_477,b9f2cdf8-140e-4c97-9fcf-2e308798a294
UKGOVUK_478,b2e8eed8-96d7-45e4-8c7b-20d263e6487e
UKGOVUK_479,a6d54a9d-12f7-49e4-84bc-3b5167489ce5
UKGOVUK_480,2b2966b7-dbff-44b0-80e3-e3f6013e19e0
UKGOVUK_481,80d80224-d917-4d7a-881e-1122fe1e7799
UKGOVUK_482,78fe3dfe-d561-434d-9db6-970c70597b3d
UKGOVUK_483,715dc6fa-15fe-40fc-a4ba-f5274142d921
UKGOVUK_484,0e0f3be9-5805-43c5-9535-b42a88219ea6
UKGOVUK_485,ea7e300b-24dd-40af-afde-fd690a2df678
UKGOVUK_486,e2c44bf1-0b96-4034-9ac8-96f6e0181a80
UKGOVUK_487,05bc5265-c585-4b5c-b813-c8f245ddfc7f
UKGOVUK_488,bba7f111-b07f-461d-9bab-8a7366aabd40
UKGOVUK_489,9affaaf6-e7b5-416d-b806-d8e7c0cb0cbf
UKGOVUK_490,250a060b-d764-4e0c-b131-dc2d10c3160e
UKGOVUK_492,00a2d263-f4cc-4ed1-9ae8-ce5e73ce4d30
UKGOVUK_443,9652542c-e5bd-4416-bbbd-5e3e19609863
UKGOVUK_493,1def455a-6ee1-4235-b109-3b485a208b84
UKGOVUK_494,8a8de3c7-0b94-4670-87a7-f110d789d3d3
UKGOVUK_495,ed9e128f-2672-463b-bd24-f7dee3ddfe10
UKGOVUK_496,a03f9a35-51a9-47a8-95b5-2e4bcdaa5dd8
UKGOVUK_497,172402e4-e1c9-4739-bae5-80bf1d1005c3
UKGOVUK_498,47d7619a-8621-49bc-8e67-75e06b3fb610
UKGOVUK_499,d68b6113-2270-41a2-85cc-97b494d65cb6
UKGOVUK_502,261a33bd-bf2f-401e-b5e1-31d0b085f4ae
UKGOVUK_503,bb97fe15-ec47-4968-a2e8-1922e5916cb4
UKGOVUK_504,6cd1bdd0-0afc-492f-bae9-6cc219213b87
UKGOVUK_505,602e34bf-8222-4391-96d9-548dbe1e1799
UKGOVUK_506,ba3b46db-c2eb-404d-bcdd-63ccd956cebc
UKGOVUK_507,d1ee9570-46b5-421f-a36c-68b5f30b9742
UKGOVUK_508,1bda9310-85a5-491b-8d33-fc494daeb83e
UKGOVUK_509,2bb95e1c-fdf2-4210-8047-210d5c0d6044
UKGOVUK_510,83ed7690-9249-41c3-8525-12a15e46f6ba
UKGOVUK_511,c8a0bcf9-ddf9-4906-9457-cd179d70ed57
UKGOVUK_512,b6321337-80c2-4f1b-910a-aad4852dc7d7
UKGOVUK_513,bfff46a6-c3d8-4881-af8e-e62af3f5a03a
UKGOVUK_514,c442b539-cc27-4637-af33-c5d51e0727a8
UKGOVUK_515,269306a3-45ab-4d96-a004-9abfcb7f7972
UKGOVUK_516,ee0ba11b-98de-4dd5-b66a-b54dfe55cde6
UKGOVUK_517,5911a0b5-1d96-49c5-9e83-3ed20a815995
UKGOVUK_518,126d47f7-5fd2-41ff-af17-b23564355e03
UKGOVUK_519,99e0a892-9daa-443c-b96c-97ba9e28a2c8
UKGOVUK_520,19793ecb-fdaf-4b00-a3b8-bab6805c5205
UKGOVUK_521,0b04ef72-ed4f-427c-82fb-851004d9a4d9
UKGOVUK_522,d8aaa1cd-85d2-4ba6-a825-b13319efa4d8
UKGOVUK_523,21c92da9-777e-4dcd-a6fc-dc73b6bb0099
UKGOVUK_524,15469fdc-d0d1-4a9f-a59e-b3d3acdea226
UKGOVUK_525,51cc8ddf-0dc6-453a-b721-940068671aff
UKGOVUK_526,61c6b7aa-a4d1-43a6-8f69-99dd9596ab2d
UKGOVUK_527,34dafa2b-24e5-4625-b542-bf5e0bb8cd80
UKGOVUK_528,d010fd00-bf63-42f0-ba7b-0982f49cb3d4
UKGOVUK_529,4064154c-ef7e-4edf-9f98-8f747ce39471
UKGOVUK_530,09c1d197-d95b-44ea-bc64-489b126c2246
UKGOVUK_531,c5501de2-f581-450d-bdb9-0cfda75b7502
UKGOVUK_532,ec6dceb9-de27-496d-be5d-da7f1dfc25bb
UKGOVUK_533,03a790cd-d685-4569-a1c6-bf4157f4777d
UKGOVUK_534,7584a0dd-accf-4901-a8a6-bc964dc1412f
UKGOVUK_535,eb77a950-bd40-4a8d-8f3b-1f92d126930d
UKGOVUK_536,5a2d153e-efc6-4dbc-b3ac-d81e51e4f1f7
UKGOVUK_537,6f2af041-91cb-408a-8377-1b41c9d59f23
UKGOVUK_538,d2ac8d41-054a-4a47-a8f5-9f9a5bb37ad9
UKGOVUK_539,98641f11-0391-4679-a033-6d79db918d05
UKGOVUK_540,a6b88bf7-e78f-4c0e-9de6-e291ee8a5305
UKGOVUK_541,9221e19e-95ea-4045-bafa-1b22671e227c
UKGOVUK_542,864d9605-b3f8-4ed4-a846-0cf948cfea44
UKGOVUK_543,06c5b994-2e2e-41d8-bf14-75885e3887fb
UKGOVUK_544,7ba86fb6-c102-4d5f-bdcd-39f7702ae0cc
UKGOVUK_501,277fdb72-8046-490f-8076-b3203e20c467
UKGOVUK_545,5db38510-b08a-4e4c-b84f-ca2d62353ab6
UKGOVUK_546,aa62bc84-6fd0-4665-8b9a-4c4ab5977e8a
UKGOVUK_547,ea339677-8843-4a8a-b5ad-dff327d70ce3
UKGOVUK_548,fb9351aa-1fc4-4df1-8d9f-504a89ea5856
UKGOVUK_549,a15edf3a-5af1-45b3-8a10-31fcf4bfdbea
UKGOVUK_550,a55aacc4-9c01-4257-8a72-4cd5c972dceb
UKGOVUK_551,4a24839c-226b-4f19-8026-c88c4fca3988
UKGOVUK_552,a1c8c919-6d66-41cf-ba90-5f51a0b0eb3f
UKGOVUK_553,9a7fcd1d-1be5-4342-89ff-a4bd8ecf93e3
UKGOVUK_554,c925efa1-bbda-455a-b45b-7109ab384247
UKGOVUK_555,5931cad1-dc75-4c21-b84e-c176441e0190
UKGOVUK_556,84647e7e-66d3-4b91-b562-b2a65c3c0be6
UKGOVUK_557,3d94082a-6e41-4c09-ba52-1b282943caae
UKGOVUK_558,150b2c9a-8958-43a8-a9e8-a24045071289
UKGOVUK_559,ddf42429-0853-4737-b75d-2aeaf16b30a0
UKGOVUK_560,821537bc-8189-4347-b04d-3c3029f8c947
UKGOVUK_561,25d2eeab-5494-4fe7-b558-b478c873923d
UKGOVUK_562,c3c1f5ef-9041-46ab-a8e2-400d183e8c59
UKGOVUK_563,b2967d73-df09-43db-bc64-9d90e468c6b5
UKGOVUK_564,a3605d0c-bf86-41f9-9f50-7bd577052c4c
UKGOVUK_565,a83fb6ba-7c3c-4e32-afe0-d7dce1ea5e6b
UKGOVUK_566,4ac15add-d794-4b65-9dfe-3488dcc04fa1
UKGOVUK_567,e21957c3-680e-4b4a-bc04-589abc3a2b60
UKGOVUK_568,969f0558-e381-4a34-a8a5-91d106d89050
UKGOVUK_569,b53b8c14-ae32-46ed-af66-04a6eb350c7a
UKGOVUK_570,06ffd544-1097-41b1-90b6-b9a74f78669e
UKGOVUK_571,9ae32c04-25b7-4627-8ddc-5d5dc7746825
UKGOVUK_572,e380b607-2886-4103-90b8-a044af29772e
UKGOVUK_573,44e13401-96f0-4ac1-bfdd-9f0cc0111b40
UKGOVUK_574,992befc4-32a3-4a1a-a034-c9cb2ff42bad
UKGOVUK_575,e4649806-d58a-40f7-b86d-09a4376c25a0
UKGOVUK_576,4b0ade17-81e9-4ab2-af5c-c33df84fc0dd
UKGOVUK_500,78f22c79-1f19-4ce2-ab69-2a221c770e52
UKGOVUK_577,86224eb2-3686-4558-8405-491d544be4db
UKGOVUK_578,24df0bb1-0ca1-4675-9237-528ecd3d17a5
UKGOVUK_579,c90dd329-ea2a-413a-b927-a67bd3cbbb84
UKGOVUK_580,ab5bb8cb-92d9-440d-90dc-889d301675af
UKGOVUK_581,e07d2af5-f1a8-47e9-b4ff-33d7ff1178ef
UKGOVUK_582,5a9e154c-e1dc-4fde-8182-58c5b6e69efa
UKGOVUK_583,f752255c-de89-4b61-af7a-6233dd44a58a
UKGOVUK_584,31b8bebb-c8a6-4634-acd7-4e073e23826b
UKGOVUK_585,c04c4008-678c-43c0-b4f6-bd542f77fda8
UKGOVUK_586,deee5c29-5006-4280-bb46-44c0bd7a6a11
UKGOVUK_587,0e50ddd6-ee02-4d1c-815b-7f35a8777f72
UKGOVUK_588,cb0448b6-91b4-44fd-b54f-508b554971d1
UKGOVUK_589,9772ac3f-b0ea-4787-b859-9a091e1f8af6
UKGOVUK_590,3985ac9b-d0c0-423b-9936-94a3ac3bed62
UKGOVUK_591,85c16f75-3380-497e-a915-4d77256cde37
UKGOVUK_592,b486e8b6-fbe2-443d-acaa-cc0c5a8b4cfe
UKGOVUK_593,1a06c5d2-9457-477a-a3ea-1ce3b8b44fc1
UKGOVUK_594,203432b1-e296-4ffe-9fc9-dcfe110c0d67
UKGOVUK_595,724a37c1-2f81-40b2-8640-d3d06e74d2bb
UKGOVUK_491,1db59f95-ea74-4cb0-b5c3-9b0724001e17
UKGOVUK_596,0b059300-5933-4123-a27a-af603904c8be
UKGOVUK_597,68ee5e60-28d7-40ae-90eb-3d917ece53de
UKGOVUK_598,96f71287-395b-435b-94ef-855b0f14e2c6
UKGOVUK_599,2cacdc4c-913b-463a-b29e-4a5f45b67e4e
UKGOVUK_600,29351cb7-7523-4ab7-8adf-8d2e2c8768b1
UKGOVUK_601,385d62b6-1fb3-4b29-80f3-cef2efa73cce
UKGOVUK_602,ac173bb7-97ce-4dc3-b8a9-dae920d595db
UKGOVUK_603,f931c121-e8be-4b50-ab51-762e9741834e
UKGOVUK_604,b60c33a7-0d98-4d98-a79d-fe48735a2116
UKGOVUK_605,77488676-da3d-4752-a6b2-f99c7691bf67
UKGOVUK_606,ed654721-0bf5-415e-ad51-4fe93e6b3a0b
UKGOVUK_607,753268f3-f9fb-44bb-bcb2-84a570ea637e
UKGOVUK_609,67ab9201-cd93-4ebe-bc2b-085f540705f7
UKGOVUK_608,f2cecaae-77ce-4df3-bf27-7783c3975706
UKGOVUK_610,2f79a772-583b-4f01-adc1-5dc832eddcec
UKGOVUK_611,89ce38b7-40fa-46e6-9073-235ac6923425
UKGOVUK_612,ca3a5c2c-1c6a-483d-88a1-5feb813ba4f3
UKGOVUK_613,8f6e7323-3d10-46da-a1a7-c50b5fc5a5ea
UKGOVUK_614,714e5775-6655-449e-ac16-2897f8a14f73
UKGOVUK_615,18d6ade3-900d-44ab-b251-ee5f791ba4b4
UKGOVUK_616,73891fe3-3a92-4c2e-a1a6-b63f00186ce8
UKGOVUK_617,7e2beff5-a1ee-4ed4-ad63-c9a72bb0dc17
UKGOVUK_618,d38db404-4291-4088-951a-1b8d5b696f1e
